STATION;MODULE;NUMERO SEQUENCE;TITRE SUR PARCOURS REEL;CODE TONWELT
000;M00;M00 Welcome;MODE D'EMPLOI;M010000
001;M99;M99 Return Device;dépose CDV;T0102
002;M02;M02;Le Tour du monde des Vignobles;M020001
004;M16;M16.5;Fresque Priape Texte Juvénal;M160102
005;M16;M16.4;Peinture Le Festin   Ovide Art d'aimer;M160103
006;M16;M16.3;Flacon et tasse  Musset;M160104
007;M16;M16.2;Peinture Bulles et belle gorge  Cantique des cantiques;M160105
014;M14;M14;Le Banquet des hommes illustres;M140001
015;M15;M15;Vins du Plaisir et de l'amour;M150001
016;M16;M16.1;Vin et érotisme au cinéma;M160001
017;M17;M17;Le vin divin;M170001
019;M19;M19;Boire et déboires;M190001
020;M20;M20 T1;Le Vin partagé;M200101
021;M20;M20 T2;Le Service du vin;M200201
022;M20;M20 T3;Le repas gastronomique à la française;M200301
023;M23;M23;La Grande saga de Bordeaux;M230001
024;M10;M10.6.1;Interactif Le Vin et le clergé démarrage;
025;M10;M10.8.3;Interactif La maîtrise de l'effervescence: démarrage;
026;M03;M03.1;GLOBEVIGNE ET CLIMATS;
027;M03;M03.2;GLOBE VIGNE ET HISTOIRE;
028;M03;M03.3;GLOBE VIGNE ET CEPAGES;
029;M03;M03.4;GLOBE VIN ET ECONOMIE;
030;M03;M03.5;GLOBE VIGNOBLES ET PATRIMOINE;
031;M03;M03.1;Influences du climat;M030112
032;M03;M03.1;Conditions climatiques exceptionnelles;M030113
033;M03;M03.1;Réchauffement climatique;M030114
034;M03;M03.2;Transcaucasie, la première viticulture;M030217
035;M03;M03.2;La conquête du pourtour méditerrannéen;M030218
036;M03;M03.2;Les romains, guerriers et vignerons;M030219
037;M03;M03.2;Moyen Âge : quand la vigne suit les moines;M030220
038;M03;M03.2;Les vignes des conquistadores;M030221
039;M03;M03.2;Les vignobles des Huguenots;M030222
040;M03;M03.2;Émigrants des antipodes;M030223
041;M03;M03.2;Nouveaux territoires du vin;M030224
042;M03;M03.3;10 cépages stars;M030312
043;M03;M03.3;Zoom sur 15 régions viticoles emblématiques;M030313
044;M03;M03.3;Cépages rares;M030314
045;M03;M03.4;Chiffres clé de la production viticole mondiale;M030411
046;M03;M03.4;Chiffres clé de la consomation mondiale;M030412
047;M03;M03.5;Un patrimoine universel reconnu par l'UNESCO;M030510
048;M11;M11 Video 1 (ID 101);Packaging innovants /Tendances;
049;M11;M11 Video 2 (ID 105);Packaging innovants;
051;M04;M04.1;Zurab Margvelashvili;M040102
052;M04;M04.1;Georgi Dakishvilii;M040104
053;M04;M04.1;David Maghradze;M040106
054;M04;M04.1;L'évêque Davit Alaverdeli;M040108
055;M04;M04.1;David Maisuradze;M040110
056;M04;M04.2;Paolo de Marchi;M040202
057;M04;M04.2;Guisepe Masolcolin;M040204
058;M04;M04.2;Giovanni Manetti;M040206
059;M04;M04.2;Piero Antinori;M040208
060;M04;M04.2;Marco Pallanti;M040210
061;M04;M04.3;Aubert de Vilaine;M040302
062;M04;M04.3;Louis-Fabrice Latour;M040304
063;M04;M04.3;Pierre-Henry Gaget;M040306
064;M04;M04.3;Amaury Devillard;M040308
065;M04;M04.3;Dominique Lafon;M040310
066;M04;M04.4;Wilhelm Haag;M040402
067;M04;M04.4;Kilian Franzen;M040404
068;M04;M04.4;Christina Spier;M040406
069;M04;M04.4;Thorsten Melsheimer;M040408
070;M04;M04.4;Johannes Selbach;M040410
071;M04;M04.5; David Lehmann ;M040502
072;M04;M04.5;Stephen Henschke ;M040504
073;M04;M04.5; Nick Dry;M040506
074;M04;M04.5; Bernard Hickin ;M040508
075;M04;M04.5; Adrian Hoffmann ;M040510
076;M04;M04.6;Clive Jones;M040602
077;M04;M04.6;Nick Lane;M040604
078;M04;M04.6;James Mac Donald;M040606
079;M04;M04.6;Damien Yvon;M040608
080;M04;M04.6;Bart Arnst;M040610
081;M04;M04.7;Maria José Lopez de Heredia;M040702
082;M04;M04.7;Juan Carlos Lopez de Lacalle;M040704
083;M04;M04.7;Rafael Vivanco;M040706
084;M04;M04.7;Telmo Rodriguez;M040708
085;M04;M04.7;Alex Las Heras Perez;M040710
086;M04;M04.8;Marie  Courcelles;M040802
087;M04;M04.8;Céline Wlostowicer;M040804
088;M04;M04.8;Pierre Lurton;M040806
089;M04;M04.8;Thomas Duroux;M040808
090;M04;M04.8;Yann Jestin;M040810
091;M04;M04.9;Andy Beckstoffer;M040902
092;M04;M04.9;Geneviève Janssens;M040904
093;M04;M04.9;Chris Howell;M040906
094;M04;M04.9;Chris Carpenter;M040908
095;M04;M04.9;Pauline Lothe;M040910
096;M04;M04.10; Nicolas Catena ;M041002
097;M04;M04.10; Jose Alberto Zuccardi ;M041004
098;M04;M04.10; Daniel Pi ;M041006
099;M04;M04.10; Monica Caamaño ;M041008
100;M04;M04.10;Sofia Pescarmona ;M041010
101;M11;M11 V1 droite;Packaging ;M110009
102;M11;M11 V1 droite;Architecture;M110010
103;M11;M11 V1 droite;Caves de collectionneurs;M110011
104;M11;M11 V1 droite;Bars à vin;M110012
105;M11;M11 V2 Gauche;Packaging ;M110009
106;M11;M11 V2 Gauche;Architecture;M110010
107;M11;M11 V2 Gauche;Caves de collectionneurs;M110011
108;M11;M11 V2 Gauche;Bars à vin;M110012
109;M12;M12.1.9;Vin et gourmandise;
110;M12;M12.1.9;Huitres du bassin d'Arcachon;
111;M12;M12.1.9;Sushi;
112;M12;M12.1.9;Salade tomates mozzarella;
113;M12;M12.1.9;Foie gras à la figue;
114;M12;M12.1.9;Asperges en vinaigrette;
115;M12;M12.1.9;T Bone steack au barbecue;
116;M12;M12.1.9;Bœuf bourguignon façon grand-mère;
117;M12;M12.1.9;Poulet à la crème aux champignons;
118;M12;M12.1.9;Pizza napolitaine;
119;M12;M12.1.9;Sole meunière;
120;M12;M12.1.9;Fromages de nos régions;
121;M12;M12.1.9;Tarte citron meringuée;
122;M12;M12.1.9;Fondant au chocolat;
123;M12;M12.1.9;Coupe de Framboises du jardin;
124;M12;M12.1.9;Tarte aux pommes caramelisées à la Tatin;
125;M12;M12.1.9;Champagne;
126;M12;M12.1.9;Sancerre;
127;M12;M12.1.9;Rosé;
128;M12;M12.1.9;Pomerol;
129;M12;M12.1.9;Porto;
130;M12;M12.1.9;Sauternes;
131;M12;M12.1.9;Huitres du bassin d'Arcachon Champagne;
132;M12;M12.1.9;Huitres du bassin d'Arcachon Sancerre;
133;M12;M12.1.9;Huitres du bassin d'Arcachon Rosé;
134;M12;M12.1.9;Huitres du bassin d'Arcachon Pomerol;
135;M12;M12.1.9;Huitres du bassin d'Arcachon Porto;
136;M12;M12.1.9;Huitres du bassin d'Arcachon Sauternes;
137;M12;M12.1.9;Sushi Champagne;
138;M12;M12.1.9;Sushi Sancerre;
139;M12;M12.1.9;Sushi Rosé;
140;M12;M12.1.9;Sushi Pomerol;
141;M12;M12.1.9;Sushi Porto;
142;M12;M12.1.9;Sushi Sauternes;
143;M12;M12.1.9;Salade tomates mozzarella Champagne;
144;M12;M12.1.9;Salade tomates mozzarella Sancerre;
145;M12;M12.1.9;Salade tomates mozzarella Rosé;
146;M12;M12.1.9;Salade tomates mozzarella Pomerol;
147;M12;M12.1.9;Salade tomates mozzarella Porto;
148;M12;M12.1.9;Salade tomates mozzarella Sauternes;
149;M12;M12.1.9;Foie gras à la figueChampagne;
150;M12;M12.1.9;Foie gras à la figueSancerre;
151;M12;M12.1.9;Foie gras à la figue Rosé;
152;M12;M12.1.9;Foie gras à la figue Pomerol;
153;M12;M12.1.9;Foie gras à la figue Porto;
154;M12;M12.1.9;Foie gras à la figue Sauternes;
155;M12;M12.1.9;Asperges en vinaigretteChampagne;
156;M12;M12.1.9;Asperges en vinaigretteSancerre;
157;M12;M12.1.9;Asperges en vinaigrette Rosé;
158;M12;M12.1.9;Asperges en vinaigrette Pomerol;
159;M12;M12.1.9;Asperges en vinaigrette Porto;
160;M12;M12.1.9;Asperges en vinaigrette Sauternes;
161;M12;M12.1.9;T Bone steack au barbecue Champagne;
162;M12;M12.1.9;T Bone steack au barbecue Sancerre;
163;M12;M12.1.9;T Bone steack au barbecue Rosé;
164;M12;M12.1.9;T Bone steack au barbecue Pomerol;
165;M12;M12.1.9;T Bone steack au barbecue Porto;
166;M12;M12.1.9;T Bone steack au barbecue Sauternes;
167;M12;M12.1.9;Bœuf bourguignon façon grand-mère Champagne;
168;M12;M12.1.9;Bœuf bourguignon façon grand-mère Sancerre;
169;M12;M12.1.9;Bœuf bourguignon façon grand-mère Rosé;
170;M12;M12.1.9;Bœuf bourguignon façon grand-mère Pomerol;
171;M12;M12.1.9;Bœuf bourguignon façon grand-mère Porto;
172;M12;M12.1.9;Bœuf bourguignon façon grand-mère Sauternes;
173;M12;M12.1.9;Poulet à la crème aux champignons Champagne;
174;M12;M12.1.9;Poulet à la crème aux champignonsSancerre;
175;M12;M12.1.9;Poulet à la crème aux champignons Rosé;
176;M12;M12.1.9;Poulet à la crème aux champignons Pomerol;
177;M12;M12.1.9;Poulet à la crème aux champignons Porto;
178;M12;M12.1.9;Poulet à la crème aux champignons Sauternes;
179;M12;M12.1.9;Pizza napolitaine Champagne;
180;M12;M12.1.9;Pizza napolitaine Sancerre;
181;M12;M12.1.9;Pizza napolitaine Rosé;
182;M12;M12.1.9;Pizza napolitaine Pomerol;
183;M12;M12.1.9;Pizza napolitaine Porto;
184;M12;M12.1.9;Pizza napolitaine Sauternes;
185;M12;M12.1.9;Sole meunière Champagne;
186;M12;M12.1.9;Sole meunière Sancerre;
187;M12;M12.1.9;Sole meunière Rosé;
188;M12;M12.1.9;Sole meunière Pomerol;
189;M12;M12.1.9;Sole meunière Porto;
190;M12;M12.1.9;Sole meunière Sauternes;
191;M12;M12.1.9;Fromages de nos régions Champagne;
192;M12;M12.1.9;Fromages de nos régions Sancerre;
193;M12;M12.1.9;Fromages de nos régions Rosé;
194;M12;M12.1.9;Fromages de nos régions Pomerol;
195;M12;M12.1.9;Fromages de nos régions Porto;
196;M12;M12.1.9;Fromages de nos régions Sauternes;
197;M12;M12.1.9;Tarte citron meringuée Champagne;
198;M12;M12.1.9;Tarte citron meringuée Sancerre;
199;M12;M12.1.9;Tarte citron meringuée Rosé;
200;M12;M12.1.9;Tarte citron meringuée Pomerol;
201;M12;M12.1.9;Tarte citron meringuée Porto;
202;M12;M12.1.9;Tarte citron meringuée Sauternes;
203;M12;M12.1.9;Fondant au chocolat Champagne;
204;M12;M12.1.9;Fondant au chocolat Sancerre;
205;M12;M12.1.9;Fondant au chocolat Rosé;
206;M12;M12.1.9;Fondant au chocolat Pomerol;
207;M12;M12.1.9;Fondant au chocolat Porto;
208;M12;M12.1.9;Fondant au chocolat Sauternes;
209;M12;M12.1.9;Coupe de Framboises du jardin Champagne;
210;M12;M12.1.9;Coupe de Framboises du jardin Sancerre;
211;M12;M12.1.9;Coupe de Framboises du jardin Rosé;
212;M12;M12.1.9;Coupe de Framboises du jardin Pomerol;
213;M12;M12.1.9;Coupe de Framboises du jardin Porto;
214;M12;M12.1.9;Coupe de Framboises du jardin Sauternes;
215;M12;M12.1.9;Tarte aux pommes caramelisées à la Tatin Champagne;
216;M12;M12.1.9;Tarte aux pommes caramelisées à la Tatin Sancerre;
217;M12;M12.1.9;Tarte aux pommes caramelisées à la Tatin Rosé;
218;M12;M12.1.9;Tarte aux pommes caramelisées à la Tatin Pomerol;
219;M12;M12.1.9;Tarte aux pommes caramelisées à la Tatin Porto;
220;M12;M12.1.9;Tarte aux pommes caramelisées à la Tatin Sauternes;
221;M10;M10.1.1;Les premiers vins du monde;M100101
222;M10;M10.1.3;Les mythes de la naissance du vin;M100102
223;M10;M10.2.1;Viticulture et vinification;M100201
224;M10;M10.3.2;Le culte de Dionysos;M100301
225;M10;M10.4.4;Le convivium;M100401
226;M10;M10.4.2;Les agronomes romains;M100402
227;M10;M10.5.2;Les rites du vin et du partage;M100501
228;M10;M10.5.1;La vigne et ses fruits, une bénédiction;M100502
229;M10;M10.5.3;L'ivresse et ses ruptures;M100503
230;M10;M10.6.3;Le vin des villes;M100601
231;M10;M10.6.1;Le Vin et le clergé;M100602
232;M10;M10.6.1;Les évêques;M100614
233;M10;M10.6.1;Les moines;M100615
234;M10;M10.6.1;L'Héritage;M100616
235;M10;M10.7.1;Le Pontacks'head;M100701
236;M10;M10.7.2;Le goût pour le corsé;M100702
237;M10;M10.8.2;Le champagne des fêtes aristocratiques;M100801
238;M10;M10.8.3;La maîtrise de l'effervescence;M100802
239;M10;M10.8.3;L'effervescence un accident;M100813
240;M10;M10.8.3;Les premiers succès du vin mousseux;M100814
241;M10;M10.8.3;Les premiers maîtres de l'effervescence;M100815
242;M10;M10.8.3;La recette d'une effervescence maîtrisée;M100816
243;M10;M10.9.3;La science triomphante;M100901
244;M10;M10.9.4;Vin et gastronomie;M100902
245;M10;M10.10.1;La ccoperation internationale sauve le vignoble;M101011
246;M10;M10.10.2;Fraude et grandes crises sociales;M101012
247;M05;M05.1.6;Le petit vigneron;M050106
248;M05;M05.2.6;Le petit vendangeur;M050206
249;M05;M05.3.6;Le petit botaniste;M050306
250;M05;M05.1.1;Anatomie d'un cep;M050101
251;M05;M05.1.2;La liane originelle;M050102
252;M05;M05.1.3;Les grands mythes de la vigne;M050103
253;M05;M05.1.4;Grands agronomes;M050104
254;M05;M05.1.5;Le pépiniériste;M050105
255;M05;M05.2.1;Les saisons du vignoble;M050201
256;M05;M05.2.2;L'homme jardinier de la vigne;M050202
257;M05;M05.2.3;Visages de vignes à travers le monde ;M050203
258;M05;M05.2.4;Sacrés sols;M050204
259;M05;M05.2.5;Le temps des vendanges;M050205
260;M05;M05.3.1;La grappe et le grain;M050301
261;M05;M05.3.2;Viticulture raisonnée, biodynamie, bio;M050302
262;M05;M05.3.3;Cépages voyageurs;M050303
263;M05;M05.3.4;Cépages et biodiversité;M050304
264;M05;M05.3.5;Etranges vendanges;M050305
265;M05 PMR;M05 PMR1  Arb1;M5 PMR1  Arb1;
265x1;M05 PMR;M05 PMR1  Arb1;M5 PMR1  Arb1;
265x10;M05 PMR;M05 PMR1  Arb1;M5 PMR1  Arb1;
265x11;M05 PMR;M05 PMR1  Arb1;M5 PMR1  Arb1;
265x12;M05 PMR;M05 PMR1  Arb1;M5 PMR1  Arb1;
265x13;M05 PMR;M05 PMR1  Arb1;M5 PMR1  Arb1;
265x14;M05 PMR;M05 PMR1  Arb1;M5 PMR1  Arb1;
265x15;M05 PMR;M05 PMR1  Arb1;M5 PMR1  Arb1;
265x16;M05 PMR;M05 PMR1  Arb1;M5 PMR1  Arb1;
265x17;M05 PMR;M05 PMR1  Arb1;M5 PMR1  Arb1;
265x18;M05 PMR;M05 PMR1  Arb1;M5 PMR1  Arb1;
265x19;M05 PMR;M05 PMR1  Arb1;M5 PMR1  Arb1;
265x2;M05 PMR;M05 PMR1  Arb1;M5 PMR1  Arb1;
265x20;M05 PMR;M05 PMR1  Arb1;M5 PMR1  Arb1;
265x21;M05 PMR;M05 PMR1  Arb1;M5 PMR1  Arb1;
265x22;M05 PMR;M05 PMR1  Arb1;M5 PMR1  Arb1;
265x23;M05 PMR;M05 PMR1  Arb1;M5 PMR1  Arb1;
265x24;M05 PMR;M05 PMR1  Arb1;M5 PMR1  Arb1;
265x25;M05 PMR;M05 PMR1  Arb1;M5 PMR1  Arb1;
265x26;M05 PMR;M05 PMR1  Arb1;M5 PMR1  Arb1;
265x3;M05 PMR;M05 PMR1  Arb1;M5 PMR1  Arb1;
265x4;M05 PMR;M05 PMR1  Arb1;M5 PMR1  Arb1;
265x5;M05 PMR;M05 PMR1  Arb1;M5 PMR1  Arb1;
265x6;M05 PMR;M05 PMR1  Arb1;M5 PMR1  Arb1;
265x7;M05 PMR;M05 PMR1  Arb1;M5 PMR1  Arb1;
265x8;M05 PMR;M05 PMR1  Arb1;M5 PMR1  Arb1;
265x9;M05 PMR;M05 PMR1  Arb1;M5 PMR1  Arb1;
266;M05 PMR;M05 PMR2 Arb2;M5 PMR2 Arb2;
266x1;M05 PMR;M05 PMR2 Arb2;M5 PMR2 Arb2;
266x10;M05 PMR;M05 PMR2 Arb2;M5 PMR2 Arb2;
266x11;M05 PMR;M05 PMR2 Arb2;M5 PMR2 Arb2;
266x12;M05 PMR;M05 PMR2 Arb2;M5 PMR2 Arb2;
266x13;M05 PMR;M05 PMR2 Arb2;M5 PMR2 Arb2;
266x14;M05 PMR;M05 PMR2 Arb2;M5 PMR2 Arb2;
266x15;M05 PMR;M05 PMR2 Arb2;M5 PMR2 Arb2;
266x16;M05 PMR;M05 PMR2 Arb2;M5 PMR2 Arb2;
266x17;M05 PMR;M05 PMR2 Arb2;M5 PMR2 Arb2;
266x18;M05 PMR;M05 PMR2 Arb2;M5 PMR2 Arb2;
266x19;M05 PMR;M05 PMR2 Arb2;M5 PMR2 Arb2;
266x2;M05 PMR;M05 PMR2 Arb2;M5 PMR2 Arb2;
266x20;M05 PMR;M05 PMR2 Arb2;M5 PMR2 Arb2;
266x21;M05 PMR;M05 PMR2 Arb2;M5 PMR2 Arb2;
266x22;M05 PMR;M05 PMR2 Arb2;M5 PMR2 Arb2;
266x23;M05 PMR;M05 PMR2 Arb2;M5 PMR2 Arb2;
266x24;M05 PMR;M05 PMR2 Arb2;M5 PMR2 Arb2;
266x25;M05 PMR;M05 PMR2 Arb2;M5 PMR2 Arb2;
266x27;M05 PMR;M05 PMR2 Arb2;M5 PMR2 Arb2;
266x3;M05 PMR;M05 PMR2 Arb2;M5 PMR2 Arb2;
266x4;M05 PMR;M05 PMR2 Arb2;M5 PMR2 Arb2;
266x5;M05 PMR;M05 PMR2 Arb2;M5 PMR2 Arb2;
266x6;M05 PMR;M05 PMR2 Arb2;M5 PMR2 Arb2;
266x7;M05 PMR;M05 PMR2 Arb2;M5 PMR2 Arb2;
266x8;M05 PMR;M05 PMR2 Arb2;M5 PMR2 Arb2;
266x9;M05 PMR;M05 PMR2 Arb2;M5 PMR2 Arb2;
267;M05 PMR;M05 PMR3 Arb3;M5 PMR3 Arb3;
267x1;M05 PMR;M05 PMR3 Arb3;M5 PMR3 Arb3;
267x10;M05 PMR;M05 PMR3 Arb3;M5 PMR3 Arb3;
267x11;M05 PMR;M05 PMR3 Arb3;M5 PMR3 Arb3;
267x12;M05 PMR;M05 PMR3 Arb3;M5 PMR3 Arb3;
267x13;M05 PMR;M05 PMR3 Arb3;M5 PMR3 Arb3;
267x14;M05 PMR;M05 PMR3 Arb3;M5 PMR3 Arb3;
267x15;M05 PMR;M05 PMR3 Arb3;M5 PMR3 Arb3;
267x16;M05 PMR;M05 PMR3 Arb3;M5 PMR3 Arb3;
267x17;M05 PMR;M05 PMR3 Arb3;M5 PMR3 Arb3;
267x19;M05 PMR;M05 PMR3 Arb3;M5 PMR3 Arb3;
267x2;M05 PMR;M05 PMR3 Arb3;M5 PMR3 Arb3;
267x20;M05 PMR;M05 PMR3 Arb3;M5 PMR3 Arb3;
267x21;M05 PMR;M05 PMR3 Arb3;M5 PMR3 Arb3;
267x22;M05 PMR;M05 PMR3 Arb3;M5 PMR3 Arb3;
267x23;M05 PMR;M05 PMR3 Arb3;M5 PMR3 Arb3;
267x24;M05 PMR;M05 PMR3 Arb3;M5 PMR3 Arb3;
267x25;M05 PMR;M05 PMR3 Arb3;M5 PMR3 Arb3;
267x26;M05 PMR;M05 PMR3 Arb3;M5 PMR3 Arb3;
267x27;M05 PMR;M05 PMR3 Arb3;M5 PMR3 Arb3;
267x3;M05 PMR;M05 PMR3 Arb3;M5 PMR3 Arb3;
267x4;M05 PMR;M05 PMR3 Arb3;M5 PMR3 Arb3;
267x5;M05 PMR;M05 PMR3 Arb3;M5 PMR3 Arb3;
267x6;M05 PMR;M05 PMR3 Arb3;M5 PMR3 Arb3;
267x7;M05 PMR;M05 PMR3 Arb3;M5 PMR3 Arb3;
267x8;M05 PMR;M05 PMR3 Arb3;M5 PMR3 Arb3;
267x9;M05 PMR;M05 PMR3 Arb3;M5 PMR3 Arb3;
269;M07;M07.1 Vins rouges;Les vins rouges;
270;M07;M07.1 Vins rouges;Le sang et le vin;M070109
271;M07;M07.1 Vins rouges;Le rouge et le noir;M070110
272;M07;M07.1 Vins rouges;"Des vins de ""haute couleur""";M070111
273;M07;M07.1 Vins rouges;Service;M070115
274;M07;M07.1 Vins rouges;Sensations;M070116
275;M07;M07.1 Vins rouges;Elaboration;M070117
279;M07;M07.2 Vins blancs;Les vins blancs;
280;M07;M07.2 Vins blancs;Des vins blancs…noirs;M070209
281;M07;M07.2 Vins blancs;Les vins de la pureté;M070210
282;M07;M07.2 Vins blancs;Des vins de chaudière;M070211
283;M07;M07.2 Vins blancs;Service;M070215
284;M07;M07.2 Vins blancs;Sensations;M070216
285;M07;M07.2 Vins blancs;Elaboration;M070217
289;M07;M07.3 Vins rosés;Les vins rosés;
290;M07;M07.3 Vins rosés;Le vin clairet;M070309
291;M07;M07.3 Vins rosés;"Le ""claret"" de Bordeaux";M070310
292;M07;M07.3 Vins rosés;Le renouveau des rosés;M070311
293;M07;M07.3 Vins rosés;Service;M070315
294;M07;M07.3 Vins rosés;Sensations;M070316
295;M07;M07.3 Vins rosés;Elaboration;M070317
299;M07;M07.4 Vins effervescents;Les effervescents;
300;M07;M07.4 Vins effervescents;Des vins démoniaques;M070409
301;M07;M07.4 Vins effervescents;La mode de l'effervescence;M070410
302;M07;M07.4 Vins effervescents;La Champagne, ou la maîtrise des vins effervescents;M070411
303;M07;M07.4 Vins effervescents;Service;M070415
304;M07;M07.4 Vins effervescents;Sensations;M070416
305;M07;M07.4 Vins effervescents;Elaboration;M070417
309;M07;M07.5 Vins mutés;BOUTEILLE VINS MUTES;
310;M07;M07.5 Vins mutés;Defrutum et mulsum;M070509
311;M07;M07.5 Vins mutés;De la distillation à la fortification des vins;M070510
312;M07;M07.5 Vins mutés;Des vins sur les mers;M070511
313;M07;M07.5 Vins mutés;Service;M070515
314;M07;M07.5 Vins mutés;Sensations;M070516
315;M07;M07.5 Vins mutés;Elaboration;M070517
319;M07;M07.6 Vins liquoreux;BOUTEILLE VINS LIQUOREUX;
320;M07;M07.6 Vins liquoreux;Des nectars antiques;M070609
321;M07;M07.6 Vins liquoreux;Les meilleurs vins du Moyen Âge;M070610
322;M07;M07.6 Vins liquoreux;Naissance des liquoreux modernes;M070611
323;M07;M07.6 Vins liquoreux;Service;M070615
324;M07;M07.6 Vins liquoreux;Sensations;M070616
325;M07;M07.6 Vins liquoreux;Elaboration;M070617
330;M08;M08.2;Le Rhône;M080001
331;M08;M08.3;Le Rhin;M080002
332;M08;M08.4;Garonne et Dordogne;M080003
333;M08;M08.5;La Seine;M080004
334;M08;M08.6;La Loire;M080005
335;M08;M08.7;Le Douro;M080006
336;M22;M22-MN01;Quand le commerce dessine la ville;
337;M22;M22-MN02;Quand le commerce dessine la ville;
338;M22;M22-T08;A travers le vignoble Bordelais cartes;
339;M22;M22-T09;A travers le vignoble Bordelais cartes;
340;M10;M10.2.3;Le vin d'Osiris;M100202
341;M10;M10.3.1.2;Le symposion;M100310
342;M10;M10.6.2;Le vin des seigneurs;M100611
343;M10;M10.7.3;Bouteilles verres et carafes;M100703
344;M12;M12.2.2;Les sons évocateurs;M120202
345;M12;M12.3;L'art de la dégustation;M120308
350;M12;M12.4;Vin et mémoire;
351;M04;M04.1;TABLE GEORGIE;
352;M04;M04.2;TABLE CHIANTI CLASSICO;
353;M04;M04.3;TABLE BOURGOGNE;
354;M04;M04.4;TABLE MOSELLE;
355;M04;M04.5;TABLE BAROSSA;
356;M04;M04.6;TABLE MARLBOROUGH;
357;M04;M04.7;TABLE RIOJA;
358;M04;M04.8;TABLE BORDEAUX;
359;M04;M04.9;TABLE CALIFORNIE;
360;M04;M04.10;TABLE ARGENTINE;
370;M11;M11.1.1;Vin et BD;M110016
371;M11;M11.1.2;Le vin dans la pub;M110017
372;M11;M11.1.3;Etiquettes d’artistes;M110018
373;M11;M11.1.4;Le marketing sensoriel;M110019
374;M11;M11.1.5;Le sens caché des étiquettes;M110020
375;M11;M11.1.6;Mobilier insolite;M110021
376;M11;M11.1.7;Verres et carafes : une esthétique pour les sens;M110022
377;M11;M11.1.8;Créativité autour du bouchage;M110023
378;M11;M11.1.9;Les nouveaux lieux de vente;M110024
379;M11;M11.1.10;Les clubs oenologiques;M110025
380;M11;M11.1.11;Les applis numériques,;M110026
381;M11;M11.1.12;Boire le vin autrement;M110027
382;M11;M11.1.13;L’œnotourisme ;M110028
383;M11;M11.1.14;Le Crowdfunding;M110029
384;M11;M11.1.15;Le vin à l’image dans les « séries » TV ;M110030
385;M11;M11.1.16;Le vin et le bien-être;M110031
386;M11;M11.1.17;Phénomène mondial du Beaujolais Nouveau;M110039
387;M11;M11.1.18;Les vins de stars;M110032
388;M11;M11.1.19;Les « masters of wine »;M110037
389;M11;M11.1.20;Les nouveaux gourous du vin;M110034
390;M11;M11.1.21;Top ten des vins du monde;M110036
391;M11;M11.1.22;La biodynamie;M110040
392;M11;M11.1.23;Le vin bio;M110038
393;M11;M11.1.24;La Viticulture raisonnée;M110035
394;M11;M11.1.25;Les grandes ventes aux enchères;M110033
395;M11;M11.1.26;Le vin équitable ;M110041
396;M11;M11.1.27;Amphores, le grand retour;M110042
397;M11;M11.1.28;Quand le vin swingue;M110043
398;M11;M11.1.29;Des vins sous la mer;M110044
399;M11;M11.1.30;Des vins dans l’espace;M110045
401;M05;M05.1 ARB1;Alicante Henri Bouschet;
402;M05;M05.2 ARB1;Cot;
403;M05;M05.3 ARB1;Pinot noir;
404;M05;M05.4 ARB1;Sangiovese;
405;M05;M05.5 ARB1;Fer servadou;
406;M05;M05.6 ARB1;Len de l’El;
407;M05;M05.7 ARB1;Aglianico;
408;M05;M05.8 ARB1;Aligoté;
409;M05;M05.9 ARB1;Catarrato bianco;
410;M05;M05.10 ARB1;Folle blanche;
411;M05;M05.11 ARB1;Gewurztraminer;
412;M05;M05.12 ARB1;Grasa;
413;M05;M05.13 ARB1;Grillo;
414;M05;M05.14 ARB1;Savagnin rose;
415;M05;M05.15 ARB1;Melon de Bourgogne;
416;M05;M05.16 ARB1;Petite Arvine;
417;M05;M05.17 ARB1;Roussanne;
418;M05;M05.18 ARB1;Tannat;
419;M05;M05.19 ARB1;Xynisteri;
420;M05;M05.20 ARB1;Roussette d’Ayze;
421;M05;M05.21 ARB2;Cabernet franc;
422;M05;M05.22 ARB2;Chardonnay;
423;M05;M05.23 ARB2;Mazuelo;
424;M05;M05.24 ARB2;Riesling;
425;M05;M05.25 ARB2;Sauvignon blanc;
426;M05;M05.26 ARB2;Tempranillo;
427;M05;M05.27 ARB2;Négrette;
428;M05;M05.28 ARB2;Airen;
429;M05;M05.29 ARB2;Barbera ;
430;M05;M05.30 ARB2;Blaufrankisch ;
431;M05;M05.31 ARB2;Corvina;
432;M05;M05.32 ARB2;Furmint;
433;M05;M05.33 ARB2;Grasevina;
434;M05;M05.34 ARB2;Koshu;
435;M05;M05.35 ARB2;Malvasia bianca de Madeira;
436;M05;M05.36 ARB2;Nebbiolo;
437;M05;M05.37 ARB2;Rkatsiteli;
438;M05;M05.38 ARB2;Savagnin;
439;M05;M05.39 ARB2;Trousseau;
440;M05;M05.40 ARB2;Douce noire;
441;M05;M05.41 ARB3;Cabernet Sauvignon;
442;M05;M05.42 ARB3;Chenin blanc;
443;M05;M05.43 ARB3;Garnacha tinta;
444;M05;M05.44 ARB3;Merlot;
445;M05;M05.45 ARB3;Syrah;
446;M05;M05.46 ARB3;Trebbiano di Toscana;
447;M05;M05.47 ARB3;Petit Verdot;
448;M05;M05.48 ARB3;Petit Manseng;
449;M05;M05.49 ARB3;Alvarihno ;
450;M05;M05.50 ARB3;Carmenère;
451;M05;M05.51 ARB3;Clairette;
452;M05;M05.52 ARB3;Dolcetto;
453;M05;M05.53 ARB3;Grüner Veltliner;
454;M05;M05.54 ARB3;Palomino fino;
455;M05;M05.55 ARB3;Pinotage;
456;M05;M05.56 ARB3;Rolle;
457;M05;M05.57 ARB3;Viognier;
458;M05;M05.58 ARB3;Sercial;
459;M05;M05.59 ARB3;Touriga Nacional;
460;M05;M05.60 ARB3;Xarello;
461;M05;M05.61 Arb1;Cépages/Insolites;
462;M05;M05.62 Arb1;Cépages/Insolites;
463;M05;M05.63 Arb1;Cépages/Insolites;
464;M05;M05.64 Arb1;Cépages/Insolites;
465;M05;M05.65 Arb1;Cépages/Insolites;
466;M05;M05.66 Arb1;Cépages/Insolites;
467;M05;M05.67 Arb2;Cépages/Insolites;
468;M05;M05.68 Arb2;Cépages/Insolites;
469;M05;M05.69 Arb2;Cépages/Insolites;
470;M05;M05.70 Arb2;Cépages/Insolites;
471;M05;M05.71 Arb2;Cépages/Insolites;
472;M05;M05.72 Arb2;Cépages/Insolites;
473;M05;M05.73 Arb2;Cépages/Insolites;
474;M05;M05.74 Arb3;Cépages/Insolites;
475;M05;M05.75 Arb3;Cépages/Insolites;
476;M05;M05.76 Arb3;Cépages/Insolites;
477;M05;M05.77 Arb3;Cépages/Insolites;
478;M05;M05.78 Arb3;Cépages/Insolites;
479;M05;M05.79 Arb3;Cépages/Insolites;
480;M05;M05.80 Arb3;Cépages/Insolites;
481;M10;M10.1;Les Premières civilisations du vin;M100104
482;M10;M10.2;Le vin des pharaons;M100205
491;M10;M10.2.2;Le papyrus;M100204
492;M10;M10.4.1;La villa viticole;M100403
493;M10;M10.9.4.a;S1: Expos universelles;M100903
494;M10;M10.9.4.b;S 3: Scènes de banquets;M100904
495;M10;M10.9.4.c;S2: Châteaux XIX°;M100905
496;M10;M10.9.4.d;maquettes;M100908
497;M10;M10.3.3;Les manières d'accomoder le vin;
508;M12;M12.1.1;Sentir au quotidien ®;M120101
509;M12;M12.1.3;Le sens des couleurs ®;M120102
510;M12;M12.1.4;Familles d’arôme ®;M120103
511;M12;M12.1.5;Un bouquet d'arômes ®;M120108
512;M12;M12.1.6;L'arôme mystérieux ®;M120109
513;M12;M12.1.7;Toucher et textures ®;Ajout
514;M12;M12.2.1;Sentir au quotidien ;M120201
515;M12;M12.2.3;Le sens des couleurs ;M120203
516;M12;M12.2.4;Familles d’arôme ;M120204
517;M12;M12.2.5;Un bouquet d'arômes ;M120209
518;M12;M12.2.6;L'arôme mystérieux ;M120210
519;M12;M12.2.7;Toucher et textures ;Ajout
521;M06;M06.1-1;Que se passe-t-il au cuvier ?;
522;M06;M06.1-2;Cuviers du monde;
523;M06;M06.1-3;Pasteur et  la fermentation;
524;M06;M06.1-4;Le temps des experts;
525;M06;M06.1-5;Le petit œnologue;
526;M06;M06.1-6;PMR cuvier;
528;M06;M06.2-1;Que se passe-t-il au chai ?;
529;M06;M06.2-2;Chais du monde;
530;M06;M06.2-3;Du forestier au tonnelier;
531;M06;M06.2-4;La barrique;
532;M06;M06.2-5;Le petit tonnelier;
533;M06;M06.2-6;PMR chai;
535;M06;M06.3-1;Que se passe-t-il à la cave?;
536;M06;M06.3-2;Celliers du monde;
537;M06;M06.3-3;Du liège au bouchon;
538;M06;M06.3-4;La bouteille de verre;
539;M06;M06.3-5;Le petit caviste;
540;M06;M06.3-6;PMR cave;
571;M02 TOTEM;M02 TOTEM; Tour du monde;
572;M03 TOTEM;M03 TOTEM; Planètes vin;
573;M04 TOTEM;M04 TOTEM;Table des terroirs;
574;M05 TOTEM;M05 TOTEM;E-Vigne;
575;M06 TOTEM;M06 TOTEM;Métamorphoses;
576;M07 TOTEM;M07 TOTEM;Portraits;
577;M08 TOTEM;M08 TOTEM;Au fil de l'eau;
578;M09 TOTEM;M09 TOTEM;A bord!;
579;M10 TOTEM;M10 TOTEM;Galerie des civilisations;
580;M11 TOTEM;M11 TOTEM; Mur des tendances;
581;M12 TOTEM;M12 TOTEM;Buffet des 5 sens;
582;M14 TOTEM;M14 TOTEM;Banquet des hommes illustres;
583;M15 TOTEM;M15 TOTEM;Bacchus et Venus;
585;M17 TOTEM;M17 TOTEM;Le vin divin;
586;M19 TOTEM;M19 TOTEM;Boire et déboires;
587;M20 TOTEM;M20 TOTEM;Tout un Art de vivre;
588;M21 TOTEM;M21 TOTEM;Tête à Tête;
589;M22 TOTEM;M22 TOTEM;Bordeaux une ville un vignoble;
590;M23 TOTEM;M23 TOTEM;Saga de Bordeaux;
591;M21;M21.1;SARIC Jean (mÃƒÂ©decin);M210110
592;M21;M21.1;AUDOUZE FranÃƒÂ§ois (collectionneur);M210111
593;M21;M21.1;AUDOUZE FranÃƒÂ§ois (collectionneur);M210112
594;M21;M21.1;AUDOUZE FranÃƒÂ§ois (collectionneur);M210113
595;M21;M21.1;AUDOUZE FranÃƒÂ§ois (collectionneur);M210114
596;M21;M21.1;AUDOUZE FranÃƒÂ§ois (collectionneur);M210115
597;M21;M21.1;AUDOUZE FranÃƒÂ§ois (collectionneur);M210116
601;M21;M21.1;BETTANE Michel (journaliste);M210009
602;M21;M21.1;BETTANE Michel (journaliste);M210010
603;M21;M21.1;BETTANE Michel (journaliste);M210011
604;M21;M21.1;BETTANE Michel (journaliste);M210012
605;M21;M21.1;BETTANE Michel (journaliste);M210013
606;M21;M21.1;BETTANE Michel (journaliste);M210014
607;M21;M21.1;BETTANE Michel (journaliste);M210015
608;M21;M21.1;BETTANE Michel (journaliste);M210016
609;M21;M21.1;BOUROLLEAU Audrey (Vin & sociÃƒÂ©tÃƒÂ©);M210017
610;M21;M21.1;BOUROLLEAU Audrey (Vin & sociÃƒÂ©tÃƒÂ©);M210018
611;M21;M21.1;BOUROLLEAU Audrey (Vin & sociÃƒÂ©tÃƒÂ©);M210019
612;M21;M21.1;BOUROLLEAU Audrey (Vin & sociÃƒÂ©tÃƒÂ©);M210020
613;M21;M21.1;BOUROLLEAU Audrey (Vin & sociÃƒÂ©tÃƒÂ©);M210021
614;M21;M21.1;BOUROLLEAU Audrey (Vin & sociÃƒÂ©tÃƒÂ©);M210022
615;M21;M21.1;DARROZE HÃƒÂ©lÃƒÂ¨ne (chef);M210023
616;M21;M21.1;DARROZE HÃƒÂ©lÃƒÂ¨ne (chef);M210024
617;M21;M21.1;DARROZE HÃƒÂ©lÃƒÂ¨ne (chef);M210025
618;M21;M21.1;DARROZE HÃƒÂ©lÃƒÂ¨ne (chef);M210026
619;M21;M21.1;DARROZE HÃƒÂ©lÃƒÂ¨ne (chef);M210027
620;M21;M21.1;GOYARD Pascal (juriste);M210033
621;M21;M21.1;GOYARD Pascal (juriste);M210034
622;M21;M21.1;GOYARD Pascal (juriste);M210035
623;M21;M21.1;GOYARD Pascal (juriste);M210036
624;M21;M21.1;GOYARD Pascal (juriste);M210037
625;M21;M21.1;LAMPRE Caroline (juriste);M210043
626;M21;M21.1;LAMPRE Caroline (juriste);M210044
627;M21;M21.1;LAMPRE Caroline (juriste);M210045
628;M21;M21.1;LAMPRE Caroline (juriste);M210046
629;M21;M21.1;LAWTHER James (journaliste);M210047
630;M21;M21.1;LAWTHER James (journaliste);M210048
631;M21;M21.1;LAWTHER James (journaliste);M210049
632;M21;M21.1;LAWTHER James (journaliste);M210050
633;M21;M21.1;LAWTHER James (journaliste);M210051
634;M21;M21.1;LAWTHER James (journaliste);M210052
635;M21;M21.1;LAWTHER James (journaliste);M210053
636;M21;M21.1;LAWTHER James (journaliste);M210054
637;M21;M21.1;LAWTHER James (journaliste);M210055
638;M21;M21.1;LAWTHER James (journaliste);M210056
639;M21;M21.1;NEIMAN OphÃƒÂ©lie (blogueuse);M210057
640;M21;M21.1;NEIMAN OphÃƒÂ©lie (blogueuse);M210058
641;M21;M21.1;NEIMAN OphÃƒÂ©lie (blogueuse);M210059
642;M21;M21.1;NEIMAN OphÃƒÂ©lie (blogueuse);M210060
643;M21;M21.1;NEIMAN OphÃƒÂ©lie (blogueuse);M210061
644;M21;M21.1;NEIMAN OphÃƒÂ©lie (blogueuse);M210062
645;M21;M21.1;NEIMAN OphÃƒÂ©lie (blogueuse);M210063
646;M21;M21.1;NEIMAN OphÃƒÂ©lie (blogueuse);M210064
647;M21;M21.1;ORGOGOZO Michel  (neurologue);M210065
648;M21;M21.1;ORGOGOZO Michel  (neurologue);M210066
649;M21;M21.1;ORGOGOZO Michel  (neurologue);M210067
650;M21;M21.1;ORGOGOZO Michel  (neurologue);M210068
651;M21;M21.1;ORGOGOZO Michel  (neurologue);M210069
652;M21;M21.1;ORGOGOZO Michel  (neurologue);M210070
653;M21;M21.1;PIAZZA Pier-Vicenzo (chercheur);M210071
654;M21;M21.1;PIAZZA Pier-Vicenzo (chercheur);M210072
655;M21;M21.1;PIAZZA Pier-Vicenzo (chercheur);M210073
656;M21;M21.1;PIAZZA Pier-Vicenzo (chercheur);M210074
657;M21;M21.1;PIAZZA Pier-Vicenzo (chercheur);M210075
658;M21;M21.1;POUSSIER Olivier (sommelier);M210076
659;M21;M21.1;POUSSIER Olivier (sommelier);M210077
660;M21;M21.1;POUSSIER Olivier (sommelier);M210078
661;M21;M21.1;POUSSIER Olivier (sommelier);M210079
662;M21;M21.1;POUSSIER Olivier (sommelier);M210080
663;M21;M21.1;POUSSIER Olivier (sommelier);M210081
664;M21;M21.1;POUSSIER Olivier (sommelier);M210082
665;M21;M21.1;POUSSIER Olivier (sommelier);M210083
666;M21;M21.1;POUSSIER Olivier (sommelier);M210084
667;M21;M21.1;RAYNAL Didier (caviste);M210085
668;M21;M21.1;RAYNAL Didier (caviste);M210086
669;M21;M21.1;RAYNAL Didier (caviste);M210087
670;M21;M21.1;RAYNAL Didier (caviste);M210088
671;M21;M21.1;RAYNAL Didier (caviste);M210089
672;M21;M21.1;RAYNAL Didier (caviste);M210090
673;M21;M21.1;RAYNAL Didier (caviste);M210091
674;M21;M21.1;RAYNAL Didier (caviste);M210092
675;M21;M21.1;ROLLAND Michel (consultant);M210093
676;M21;M21.1;ROLLAND Michel (consultant);M210094
677;M21;M21.1;ROLLAND Michel (consultant);M210095
678;M21;M21.1;ROLLAND Michel (consultant);M210096
679;M21;M21.1;ROLLAND Michel (consultant);M210097
680;M21;M21.1;ROLLAND Michel (consultant);M210098
681;M21;M21.1;SACY Hubert (sociÃƒÂ©tÃƒÂ©);M210099
682;M21;M21.1;SACY Hubert (sociÃƒÂ©tÃƒÂ©);M210100
683;M21;M21.1;SACY Hubert (sociÃƒÂ©tÃƒÂ©);M210101
684;M21;M21.1;SACY Hubert (sociÃƒÂ©tÃƒÂ©);M210103
685;M21;M21.1;SACY Hubert (sociÃƒÂ©tÃƒÂ©);M210104
686;M21;M21.1;SACY Hubert (sociÃƒÂ©tÃƒÂ©);M210105
687;M21;M21.1;SARIC Jean (mÃƒÂ©decin);M210106
688;M21;M21.1;SARIC Jean (mÃƒÂ©decin);M210107
689;M21;M21.1;SARIC Jean (mÃƒÂ©decin);M210108
690;M21;M21.1;SARIC Jean (mÃƒÂ©decin);M210109
691;M21;M21.1;SARIC Jean (mÃƒÂ©decin);M210110
692;M21;M21.1;AUDOUZE FranÃƒÂ§ois (collectionneur);M210111
693;M21;M21.1;AUDOUZE FranÃƒÂ§ois (collectionneur);M210112
694;M21;M21.1;AUDOUZE FranÃƒÂ§ois (collectionneur);M210113
695;M21;M21.1;AUDOUZE FranÃƒÂ§ois (collectionneur);M210114
696;M21;M21.1;AUDOUZE FranÃƒÂ§ois (collectionneur);M210115
697;M21;M21.1;AUDOUZE FranÃƒÂ§ois (collectionneur);M210116
701;M21;M21.1;BETTANE Michel (journaliste);M210009
702;M21;M21.1;BETTANE Michel (journaliste);M210010
703;M21;M21.1;BETTANE Michel (journaliste);M210011
704;M21;M21.1;BETTANE Michel (journaliste);M210012
705;M21;M21.1;BETTANE Michel (journaliste);M210013
706;M21;M21.1;BETTANE Michel (journaliste);M210014
707;M21;M21.1;BETTANE Michel (journaliste);M210015
708;M21;M21.1;BETTANE Michel (journaliste);M210016
709;M21;M21.1;BOUROLLEAU Audrey (Vin & sociÃƒÂ©tÃƒÂ©);M210017
710;M21;M21.1;BOUROLLEAU Audrey (Vin & sociÃƒÂ©tÃƒÂ©);M210018
711;M21;M21.1;BOUROLLEAU Audrey (Vin & sociÃƒÂ©tÃƒÂ©);M210019
712;M21;M21.1;BOUROLLEAU Audrey (Vin & sociÃƒÂ©tÃƒÂ©);M210020
713;M21;M21.1;BOUROLLEAU Audrey (Vin & sociÃƒÂ©tÃƒÂ©);M210021
714;M21;M21.1;BOUROLLEAU Audrey (Vin & sociÃƒÂ©tÃƒÂ©);M210022
715;M21;M21.1;DARROZE HÃƒÂ©lÃƒÂ¨ne (chef);M210023
716;M21;M21.1;DARROZE HÃƒÂ©lÃƒÂ¨ne (chef);M210024
717;M21;M21.1;DARROZE HÃƒÂ©lÃƒÂ¨ne (chef);M210025
718;M21;M21.1;DARROZE HÃƒÂ©lÃƒÂ¨ne (chef);M210026
719;M21;M21.1;DARROZE HÃƒÂ©lÃƒÂ¨ne (chef);M210027
720;M21;M21.1;GOYARD Pascal (juriste);M210033
721;M21;M21.1;GOYARD Pascal (juriste);M210034
722;M21;M21.1;GOYARD Pascal (juriste);M210035
723;M21;M21.1;GOYARD Pascal (juriste);M210036
724;M21;M21.1;GOYARD Pascal (juriste);M210037
725;M21;M21.1;LAMPRE Caroline (juriste);M210043
726;M21;M21.1;LAMPRE Caroline (juriste);M210044
727;M21;M21.1;LAMPRE Caroline (juriste);M210045
728;M21;M21.1;LAMPRE Caroline (juriste);M210046
729;M21;M21.1;LAWTHER James (journaliste);M210047
730;M21;M21.1;LAWTHER James (journaliste);M210048
731;M21;M21.1;LAWTHER James (journaliste);M210049
732;M21;M21.1;LAWTHER James (journaliste);M210050
733;M21;M21.1;LAWTHER James (journaliste);M210051
734;M21;M21.1;LAWTHER James (journaliste);M210052
735;M21;M21.1;LAWTHER James (journaliste);M210053
736;M21;M21.1;LAWTHER James (journaliste);M210054
737;M21;M21.1;LAWTHER James (journaliste);M210055
738;M21;M21.1;LAWTHER James (journaliste);M210056
739;M21;M21.1;NEIMAN OphÃƒÂ©lie (blogueuse);M210057
740;M21;M21.1;NEIMAN OphÃƒÂ©lie (blogueuse);M210058
741;M21;M21.1;NEIMAN OphÃƒÂ©lie (blogueuse);M210059
742;M21;M21.1;NEIMAN OphÃƒÂ©lie (blogueuse);M210060
743;M21;M21.1;NEIMAN OphÃƒÂ©lie (blogueuse);M210061
744;M21;M21.1;NEIMAN OphÃƒÂ©lie (blogueuse);M210062
745;M21;M21.1;NEIMAN OphÃƒÂ©lie (blogueuse);M210063
746;M21;M21.1;NEIMAN OphÃƒÂ©lie (blogueuse);M210064
747;M21;M21.1;ORGOGOZO Michel  (neurologue);M210065
748;M21;M21.1;ORGOGOZO Michel  (neurologue);M210066
749;M21;M21.1;ORGOGOZO Michel  (neurologue);M210067
750;M21;M21.1;ORGOGOZO Michel  (neurologue);M210068
751;M21;M21.1;ORGOGOZO Michel  (neurologue);M210069
752;M21;M21.1;ORGOGOZO Michel  (neurologue);M210070
753;M21;M21.1;PIAZZA Pier-Vicenzo (chercheur);M210071
754;M21;M21.1;PIAZZA Pier-Vicenzo (chercheur);M210072
755;M21;M21.1;PIAZZA Pier-Vicenzo (chercheur);M210073
756;M21;M21.1;PIAZZA Pier-Vicenzo (chercheur);M210074
757;M21;M21.1;PIAZZA Pier-Vicenzo (chercheur);M210075
758;M21;M21.1;POUSSIER Olivier (sommelier);M210076
759;M21;M21.1;POUSSIER Olivier (sommelier);M210077
760;M21;M21.1;POUSSIER Olivier (sommelier);M210078
761;M21;M21.1;POUSSIER Olivier (sommelier);M210079
762;M21;M21.1;POUSSIER Olivier (sommelier);M210080
763;M21;M21.1;POUSSIER Olivier (sommelier);M210081
764;M21;M21.1;POUSSIER Olivier (sommelier);M210082
765;M21;M21.1;POUSSIER Olivier (sommelier);M210083
766;M21;M21.1;POUSSIER Olivier (sommelier);M210084
767;M21;M21.1;RAYNAL Didier (caviste);M210085
768;M21;M21.1;RAYNAL Didier (caviste);M210086
769;M21;M21.1;RAYNAL Didier (caviste);M210087
770;M21;M21.1;RAYNAL Didier (caviste);M210088
771;M21;M21.1;RAYNAL Didier (caviste);M210089
772;M21;M21.1;RAYNAL Didier (caviste);M210090
773;M21;M21.1;RAYNAL Didier (caviste);M210091
774;M21;M21.1;RAYNAL Didier (caviste);M210092
775;M21;M21.1;ROLLAND Michel (consultant);M210093
776;M21;M21.1;ROLLAND Michel (consultant);M210094
777;M21;M21.1;ROLLAND Michel (consultant);M210095
778;M21;M21.1;ROLLAND Michel (consultant);M210096
779;M21;M21.1;ROLLAND Michel (consultant);M210097
780;M21;M21.1;ROLLAND Michel (consultant);M210098
781;M21;M21.1;SACY Hubert (sociÃƒÂ©tÃƒÂ©);M210099
782;M21;M21.1;SACY Hubert (sociÃƒÂ©tÃƒÂ©);M210100
783;M21;M21.1;SACY Hubert (sociÃƒÂ©tÃƒÂ©);M210101
784;M21;M21.1;SACY Hubert (sociÃƒÂ©tÃƒÂ©);M210103
785;M21;M21.1;SACY Hubert (sociÃƒÂ©tÃƒÂ©);M210104
786;M21;M21.1;SACY Hubert (sociÃƒÂ©tÃƒÂ©);M210105
787;M21;M21.1;SARIC Jean (mÃƒÂ©decin);M210106
788;M21;M21.1;SARIC Jean (mÃƒÂ©decin);M210107
789;M21;M21.1;SARIC Jean (mÃƒÂ©decin);M210108
790;M21;M21.1;SARIC Jean (mÃƒÂ©decin);M210109
791;M21;M21.1;SARIC Jean (mÃƒÂ©decin);M210110
792;M21;M21.1;AUDOUZE FranÃƒÂ§ois (collectionneur);M210111
793;M21;M21.1;AUDOUZE FranÃƒÂ§ois (collectionneur);M210112
794;M21;M21.1;AUDOUZE FranÃƒÂ§ois (collectionneur);M210113
795;M21;M21.1;AUDOUZE FranÃƒÂ§ois (collectionneur);M210114
796;M21;M21.1;AUDOUZE FranÃƒÂ§ois (collectionneur);M210115
797;M21;M21.1;AUDOUZE FranÃƒÂ§ois (collectionneur);M210116
801;M21;M21.1;BETTANE Michel (journaliste);M210009
802;M21;M21.1;BETTANE Michel (journaliste);M210010
803;M21;M21.1;BETTANE Michel (journaliste);M210011
804;M21;M21.1;BETTANE Michel (journaliste);M210012
805;M21;M21.1;BETTANE Michel (journaliste);M210013
806;M21;M21.1;BETTANE Michel (journaliste);M210014
807;M21;M21.1;BETTANE Michel (journaliste);M210015
808;M21;M21.1;BETTANE Michel (journaliste);M210016
809;M21;M21.1;BOUROLLEAU Audrey (Vin & sociÃƒÂ©tÃƒÂ©);M210017
810;M21;M21.1;BOUROLLEAU Audrey (Vin & sociÃƒÂ©tÃƒÂ©);M210018
811;M21;M21.1;BOUROLLEAU Audrey (Vin & sociÃƒÂ©tÃƒÂ©);M210019
812;M21;M21.1;BOUROLLEAU Audrey (Vin & sociÃƒÂ©tÃƒÂ©);M210020
813;M21;M21.1;BOUROLLEAU Audrey (Vin & sociÃƒÂ©tÃƒÂ©);M210021
814;M21;M21.1;BOUROLLEAU Audrey (Vin & sociÃƒÂ©tÃƒÂ©);M210022
815;M21;M21.1;DARROZE HÃƒÂ©lÃƒÂ¨ne (chef);M210023
816;M21;M21.1;DARROZE HÃƒÂ©lÃƒÂ¨ne (chef);M210024
817;M21;M21.1;DARROZE HÃƒÂ©lÃƒÂ¨ne (chef);M210025
818;M21;M21.1;DARROZE HÃƒÂ©lÃƒÂ¨ne (chef);M210026
819;M21;M21.1;DARROZE HÃƒÂ©lÃƒÂ¨ne (chef);M210027
820;M21;M21.1;GOYARD Pascal (juriste);M210033
821;M21;M21.1;GOYARD Pascal (juriste);M210034
822;M21;M21.1;GOYARD Pascal (juriste);M210035
823;M21;M21.1;GOYARD Pascal (juriste);M210036
824;M21;M21.1;GOYARD Pascal (juriste);M210037
825;M21;M21.1;LAMPRE Caroline (juriste);M210043
826;M21;M21.1;LAMPRE Caroline (juriste);M210044
827;M21;M21.1;LAMPRE Caroline (juriste);M210045
828;M21;M21.1;LAMPRE Caroline (juriste);M210046
829;M21;M21.1;LAWTHER James (journaliste);M210047
830;M21;M21.1;LAWTHER James (journaliste);M210048
831;M21;M21.1;LAWTHER James (journaliste);M210049
832;M21;M21.1;LAWTHER James (journaliste);M210050
833;M21;M21.1;LAWTHER James (journaliste);M210051
834;M21;M21.1;LAWTHER James (journaliste);M210052
835;M21;M21.1;LAWTHER James (journaliste);M210053
836;M21;M21.1;LAWTHER James (journaliste);M210054
837;M21;M21.1;LAWTHER James (journaliste);M210055
838;M21;M21.1;LAWTHER James (journaliste);M210056
839;M21;M21.1;NEIMAN OphÃƒÂ©lie (blogueuse);M210057
840;M21;M21.1;NEIMAN OphÃƒÂ©lie (blogueuse);M210058
841;M21;M21.1;NEIMAN OphÃƒÂ©lie (blogueuse);M210059
842;M21;M21.1;NEIMAN OphÃƒÂ©lie (blogueuse);M210060
843;M21;M21.1;NEIMAN OphÃƒÂ©lie (blogueuse);M210061
844;M21;M21.1;NEIMAN OphÃƒÂ©lie (blogueuse);M210062
845;M21;M21.1;NEIMAN OphÃƒÂ©lie (blogueuse);M210063
846;M21;M21.1;NEIMAN OphÃƒÂ©lie (blogueuse);M210064
847;M21;M21.1;ORGOGOZO Michel  (neurologue);M210065
848;M21;M21.1;ORGOGOZO Michel  (neurologue);M210066
849;M21;M21.1;ORGOGOZO Michel  (neurologue);M210067
850;M21;M21.1;ORGOGOZO Michel  (neurologue);M210068
851;M21;M21.1;ORGOGOZO Michel  (neurologue);M210069
852;M21;M21.1;ORGOGOZO Michel  (neurologue);M210070
853;M21;M21.1;PIAZZA Pier-Vicenzo (chercheur);M210071
854;M21;M21.1;PIAZZA Pier-Vicenzo (chercheur);M210072
855;M21;M21.1;PIAZZA Pier-Vicenzo (chercheur);M210073
856;M21;M21.1;PIAZZA Pier-Vicenzo (chercheur);M210074
857;M21;M21.1;PIAZZA Pier-Vicenzo (chercheur);M210075
858;M21;M21.1;POUSSIER Olivier (sommelier);M210076
859;M21;M21.1;POUSSIER Olivier (sommelier);M210077
860;M21;M21.1;POUSSIER Olivier (sommelier);M210078
861;M21;M21.1;POUSSIER Olivier (sommelier);M210079
862;M21;M21.1;POUSSIER Olivier (sommelier);M210080
863;M21;M21.1;POUSSIER Olivier (sommelier);M210081
864;M21;M21.1;POUSSIER Olivier (sommelier);M210082
865;M21;M21.1;POUSSIER Olivier (sommelier);M210083
866;M21;M21.1;POUSSIER Olivier (sommelier);M210084
867;M21;M21.1;RAYNAL Didier (caviste);M210085
868;M21;M21.1;RAYNAL Didier (caviste);M210086
869;M21;M21.1;RAYNAL Didier (caviste);M210087
870;M21;M21.1;RAYNAL Didier (caviste);M210088
871;M21;M21.1;RAYNAL Didier (caviste);M210089
872;M21;M21.1;RAYNAL Didier (caviste);M210090
873;M21;M21.1;RAYNAL Didier (caviste);M210091
874;M21;M21.1;RAYNAL Didier (caviste);M210092
875;M21;M21.1;ROLLAND Michel (consultant);M210093
876;M21;M21.1;ROLLAND Michel (consultant);M210094
877;M21;M21.1;ROLLAND Michel (consultant);M210095
878;M21;M21.1;ROLLAND Michel (consultant);M210096
879;M21;M21.1;ROLLAND Michel (consultant);M210097
880;M21;M21.1;ROLLAND Michel (consultant);M210098
881;M21;M21.1;SACY Hubert (sociÃƒÂ©tÃƒÂ©);M210099
882;M21;M21.1;SACY Hubert (sociÃƒÂ©tÃƒÂ©);M210100
883;M21;M21.1;SACY Hubert (sociÃƒÂ©tÃƒÂ©);M210101
884;M21;M21.1;SACY Hubert (sociÃƒÂ©tÃƒÂ©);M210103
885;M21;M21.1;SACY Hubert (sociÃƒÂ©tÃƒÂ©);M210104
886;M21;M21.1;SACY Hubert (sociÃƒÂ©tÃƒÂ©);M210105
887;M21;M21.1;SARIC Jean (mÃƒÂ©decin);M210106
888;M21;M21.1;SARIC Jean (mÃƒÂ©decin);M210107
889;M21;M21.1;SARIC Jean (mÃƒÂ©decin);M210108
890;M21;M21.1;SARIC Jean (mÃƒÂ©decin);M210109
891;M21;M21.1;SARIC Jean (mÃƒÂ©decin);M210110
892;M21;M21.1;AUDOUZE FranÃƒÂ§ois (collectionneur);M210111
893;M21;M21.1;AUDOUZE FranÃƒÂ§ois (collectionneur);M210112
894;M21;M21.1;AUDOUZE FranÃƒÂ§ois (collectionneur);M210113
895;M21;M21.1;AUDOUZE FranÃƒÂ§ois (collectionneur);M210114
896;M21;M21.1;AUDOUZE FranÃƒÂ§ois (collectionneur);M210115
897;M21;M21.1;AUDOUZE FranÃƒÂ§ois (collectionneur);M210116
901;M21;M21.1;BETTANE Michel (journaliste);M210009
902;M21;M21.1;BETTANE Michel (journaliste);M210010
903;M21;M21.1;BETTANE Michel (journaliste);M210011
904;M21;M21.1;BETTANE Michel (journaliste);M210012
905;M21;M21.1;BETTANE Michel (journaliste);M210013
906;M21;M21.1;BETTANE Michel (journaliste);M210014
907;M21;M21.1;BETTANE Michel (journaliste);M210015
908;M21;M21.1;BETTANE Michel (journaliste);M210016
909;M21;M21.1;BOUROLLEAU Audrey (Vin & sociÃƒÂ©tÃƒÂ©);M210017
910;M21;M21.1;BOUROLLEAU Audrey (Vin & sociÃƒÂ©tÃƒÂ©);M210018
911;M21;M21.1;BOUROLLEAU Audrey (Vin & sociÃƒÂ©tÃƒÂ©);M210019
912;M21;M21.1;BOUROLLEAU Audrey (Vin & sociÃƒÂ©tÃƒÂ©);M210020
913;M21;M21.1;BOUROLLEAU Audrey (Vin & sociÃƒÂ©tÃƒÂ©);M210021
914;M21;M21.1;BOUROLLEAU Audrey (Vin & sociÃƒÂ©tÃƒÂ©);M210022
915;M21;M21.1;DARROZE HÃƒÂ©lÃƒÂ¨ne (chef);M210023
916;M21;M21.1;DARROZE HÃƒÂ©lÃƒÂ¨ne (chef);M210024
917;M21;M21.1;DARROZE HÃƒÂ©lÃƒÂ¨ne (chef);M210025
918;M21;M21.1;DARROZE HÃƒÂ©lÃƒÂ¨ne (chef);M210026
919;M21;M21.1;DARROZE HÃƒÂ©lÃƒÂ¨ne (chef);M210027
920;M21;M21.1;GOYARD Pascal (juriste);M210033
921;M21;M21.1;GOYARD Pascal (juriste);M210034
922;M21;M21.1;GOYARD Pascal (juriste);M210035
923;M21;M21.1;GOYARD Pascal (juriste);M210036
924;M21;M21.1;GOYARD Pascal (juriste);M210037
925;M21;M21.1;LAMPRE Caroline (juriste);M210043
926;M21;M21.1;LAMPRE Caroline (juriste);M210044
927;M21;M21.1;LAMPRE Caroline (juriste);M210045
928;M21;M21.1;LAMPRE Caroline (juriste);M210046
929;M21;M21.1;LAWTHER James (journaliste);M210047
930;M21;M21.1;LAWTHER James (journaliste);M210048
931;M21;M21.1;LAWTHER James (journaliste);M210049
932;M21;M21.1;LAWTHER James (journaliste);M210050
933;M21;M21.1;LAWTHER James (journaliste);M210051
934;M21;M21.1;LAWTHER James (journaliste);M210052
935;M21;M21.1;LAWTHER James (journaliste);M210053
936;M21;M21.1;LAWTHER James (journaliste);M210054
937;M21;M21.1;LAWTHER James (journaliste);M210055
938;M21;M21.1;LAWTHER James (journaliste);M210056
939;M21;M21.1;NEIMAN OphÃƒÂ©lie (blogueuse);M210057
940;M21;M21.1;NEIMAN OphÃƒÂ©lie (blogueuse);M210058
941;M21;M21.1;NEIMAN OphÃƒÂ©lie (blogueuse);M210059
942;M21;M21.1;NEIMAN OphÃƒÂ©lie (blogueuse);M210060
943;M21;M21.1;NEIMAN OphÃƒÂ©lie (blogueuse);M210061
944;M21;M21.1;NEIMAN OphÃƒÂ©lie (blogueuse);M210062
945;M21;M21.1;NEIMAN OphÃƒÂ©lie (blogueuse);M210063
946;M21;M21.1;NEIMAN OphÃƒÂ©lie (blogueuse);M210064
947;M21;M21.1;ORGOGOZO Michel  (neurologue);M210065
948;M21;M21.1;ORGOGOZO Michel  (neurologue);M210066
949;M21;M21.1;ORGOGOZO Michel  (neurologue);M210067
950;M21;M21.1;ORGOGOZO Michel  (neurologue);M210068
951;M21;M21.1;ORGOGOZO Michel  (neurologue);M210069
952;M21;M21.1;ORGOGOZO Michel  (neurologue);M210070
953;M21;M21.1;PIAZZA Pier-Vicenzo (chercheur);M210071
954;M21;M21.1;PIAZZA Pier-Vicenzo (chercheur);M210072
955;M21;M21.1;PIAZZA Pier-Vicenzo (chercheur);M210073
956;M21;M21.1;PIAZZA Pier-Vicenzo (chercheur);M210074
957;M21;M21.1;PIAZZA Pier-Vicenzo (chercheur);M210075
958;M21;M21.1;POUSSIER Olivier (sommelier);M210076
959;M21;M21.1;POUSSIER Olivier (sommelier);M210077
960;M21;M21.1;POUSSIER Olivier (sommelier);M210078
961;M21;M21.1;POUSSIER Olivier (sommelier);M210079
962;M21;M21.1;POUSSIER Olivier (sommelier);M210080
963;M21;M21.1;POUSSIER Olivier (sommelier);M210081
964;M21;M21.1;POUSSIER Olivier (sommelier);M210082
965;M21;M21.1;POUSSIER Olivier (sommelier);M210083
966;M21;M21.1;POUSSIER Olivier (sommelier);M210084
967;M21;M21.1;RAYNAL Didier (caviste);M210085
968;M21;M21.1;RAYNAL Didier (caviste);M210086
969;M21;M21.1;RAYNAL Didier (caviste);M210087
970;M21;M21.1;RAYNAL Didier (caviste);M210088
971;M21;M21.1;RAYNAL Didier (caviste);M210089
972;M21;M21.1;RAYNAL Didier (caviste);M210090
973;M21;M21.1;RAYNAL Didier (caviste);M210091
974;M21;M21.1;RAYNAL Didier (caviste);M210092
975;M21;M21.1;ROLLAND Michel (consultant);M210093
976;M21;M21.1;ROLLAND Michel (consultant);M210094
977;M21;M21.1;ROLLAND Michel (consultant);M210095
978;M21;M21.1;ROLLAND Michel (consultant);M210096
979;M21;M21.1;ROLLAND Michel (consultant);M210097
980;M21;M21.1;ROLLAND Michel (consultant);M210098
981;M21;M21.1;SACY Hubert (sociÃƒÂ©tÃƒÂ©);M210099
982;M21;M21.1;SACY Hubert (sociÃƒÂ©tÃƒÂ©);M210100
983;M21;M21.1;SACY Hubert (sociÃƒÂ©tÃƒÂ©);M210101
984;M21;M21.1;SACY Hubert (sociÃƒÂ©tÃƒÂ©);M210103
985;M21;M21.1;SACY Hubert (sociÃƒÂ©tÃƒÂ©);M210104
986;M21;M21.1;SACY Hubert (sociÃƒÂ©tÃƒÂ©);M210105
987;M21;M21.1;SARIC Jean (mÃƒÂ©decin);M210106
988;M21;M21.1;SARIC Jean (mÃƒÂ©decin);M210107
989;M21;M21.1;SARIC Jean (mÃƒÂ©decin);M210108
990;M21;M21.1;SARIC Jean (mÃƒÂ©decin);M210109
